{ "height":43,
 "layers":[
        {
         "compression":"zlib",
         "data":"eJztwTEBAAAAwqD1T20KP6AAAAAAAAAAAAAAAAAAAAAAAAAAAAAAAAAAeBhmIAAB",
         "encoding":"base64",
         "height":43,
         "name":"Tile Layer 1",
         "opacity":1,
         "type":"tilelayer",
         "visible":false,
         "width":152,
         "x":0,
         "y":0
        }, 
        {
         "draworder":"topdown",
         "height":0,
         "name":"Ground",
         "objects":[
                {
                 "height":128,
                 "id":1,
                 "name":"ground",
                 "rotation":0,
                 "type":"",
                 "visible":true,
                 "width":2176,
                 "x":0,
                 "y":5376
                }, 
                {
                 "height":1018.18,
                 "id":2,
                 "name":"ground",
                 "rotation":0,
                 "type":"small",
                 "visible":true,
                 "width":64,
                 "x":0,
                 "y":4360.61
                }, 
                {
                 "height":64,
                 "id":3,
                 "name":"ground",
                 "rotation":0,
                 "type":"small",
                 "visible":true,
                 "width":955,
                 "x":1024,
                 "y":5120
                }, 
                {
                 "height":640,
                 "id":4,
                 "name":"ground",
                 "rotation":0,
                 "type":"",
                 "visible":true,
                 "width":128,
                 "x":1024,
                 "y":4480
                }, 
                {
                 "height":124.242,
                 "id":5,
                 "name":"ground",
                 "rotation":0,
                 "type":"",
                 "visible":true,
                 "width":4032,
                 "x":1152,
                 "y":4480
                }, 
                {
                 "height":512,
                 "id":6,
                 "name":"ground",
                 "rotation":0,
                 "type":"",
                 "visible":true,
                 "width":128,
                 "x":2048,
                 "y":4864
                }, 
                {
                 "height":64,
                 "id":7,
                 "name":"ground",
                 "rotation":0,
                 "type":"small",
                 "visible":true,
                 "width":832,
                 "x":1216,
                 "y":4864
                }, 
                {
                 "height":64,
                 "id":8,
                 "name":"ground",
                 "rotation":0,
                 "type":"small",
                 "visible":true,
                 "width":256,
                 "x":1920,
                 "y":4800
                }, 
                {
                 "height":64,
                 "id":9,
                 "name":"ground",
                 "rotation":0,
                 "type":"small",
                 "visible":true,
                 "width":576,
                 "x":1920,
                 "y":4736
                }, 
                {
                 "height":256,
                 "id":10,
                 "name":"ground",
                 "rotation":0,
                 "type":"",
                 "visible":true,
                 "width":320,
                 "x":2368,
                 "y":5248
                }, 
                {
                 "height":192,
                 "id":11,
                 "name":"ground",
                 "rotation":0,
                 "type":"",
                 "visible":true,
                 "width":896,
                 "x":2688,
                 "y":5312
                }, 
                {
                 "height":320,
                 "id":12,
                 "name":"ground",
                 "rotation":0,
                 "type":"",
                 "visible":true,
                 "width":128,
                 "x":3200,
                 "y":4608
                }, 
                {
                 "height":64,
                 "id":13,
                 "name":"ground",
                 "rotation":0,
                 "type":"small",
                 "visible":true,
                 "width":1088,
                 "x":2368,
                 "y":4928
                }, 
                {
                 "height":64,
                 "id":14,
                 "name":"ground",
                 "rotation":0,
                 "type":"small",
                 "visible":true,
                 "width":384,
                 "x":2816,
                 "y":4864
                }, 
                {
                 "height":64,
                 "id":15,
                 "name":"ground",
                 "rotation":0,
                 "type":"",
                 "visible":true,
                 "width":256,
                 "x":2944,
                 "y":4800
                }, 
                {
                 "height":64,
                 "id":16,
                 "name":"ground",
                 "rotation":0,
                 "type":"small",
                 "visible":true,
                 "width":128,
                 "x":3584,
                 "y":4928
                }, 
                {
                 "height":180,
                 "id":17,
                 "name":"ground",
                 "rotation":0,
                 "type":"",
                 "visible":true,
                 "width":1276,
                 "x":4224,
                 "y":5320
                }, 
                {
                 "height":1666,
                 "id":18,
                 "name":"ground",
                 "rotation":0,
                 "type":"",
                 "visible":true,
                 "width":124,
                 "x":5376,
                 "y":3652
                }, 
                {
                 "height":128,
                 "id":19,
                 "name":"ground",
                 "rotation":0,
                 "type":"",
                 "visible":true,
                 "width":128,
                 "x":5248,
                 "y":4480
                }, 
                {
                 "height":2160,
                 "id":21,
                 "name":"ground",
                 "rotation":0,
                 "type":"",
                 "visible":true,
                 "width":128,
                 "x":4352,
                 "y":2764
                }, 
                {
                 "height":64,
                 "id":22,
                 "name":"ground",
                 "rotation":0,
                 "type":"small",
                 "visible":true,
                 "width":128,
                 "x":3840,
                 "y":5184
                }, 
                {
                 "height":124,
                 "id":23,
                 "name":"ground",
                 "rotation":0,
                 "type":"",
                 "visible":true,
                 "width":172,
                 "x":4797,
                 "y":5192
                }, 
                {
                 "height":64,
                 "id":24,
                 "name":"ground",
                 "rotation":0,
                 "type":"small",
                 "visible":true,
                 "width":308,
                 "x":4352,
                 "y":4924
                }, 
                {
                 "height":64,
                 "id":25,
                 "name":"ground",
                 "rotation":0,
                 "type":"small",
                 "visible":true,
                 "width":256,
                 "x":5500,
                 "y":3646
                }, 
                {
                 "height":184,
                 "id":26,
                 "name":"ground",
                 "rotation":0,
                 "type":"",
                 "visible":true,
                 "width":1272,
                 "x":5956,
                 "y":3524
                }, 
                {
                 "height":384,
                 "id":27,
                 "name":"ground",
                 "rotation":0,
                 "type":"",
                 "visible":true,
                 "width":372,
                 "x":5384,
                 "y":3196
                }, 
                {
                 "height":64,
                 "id":28,
                 "name":"ground",
                 "rotation":0,
                 "type":"small",
                 "visible":true,
                 "width":1086,
                 "x":4674,
                 "y":3584
                }, 
                {
                 "height":384,
                 "id":29,
                 "name":"ground",
                 "rotation":0,
                 "type":"small",
                 "visible":true,
                 "width":64,
                 "x":5314,
                 "y":3196
                }, 
                {
                 "height":64,
                 "id":30,
                 "name":"ground",
                 "rotation":0,
                 "type":"small",
                 "visible":true,
                 "width":442,
                 "x":5314,
                 "y":3128
                }, 
                {
                 "height":76,
                 "id":31,
                 "name":"ground",
                 "rotation":0,
                 "type":"small",
                 "visible":true,
                 "width":6656,
                 "x":4352,
                 "y":2692
                }, 
                {
                 "height":64,
                 "id":32,
                 "name":"ground",
                 "rotation":0,
                 "type":"small",
                 "visible":true,
                 "width":192,
                 "x":4484,
                 "y":3264
                }, 
                {
                 "height":64,
                 "id":33,
                 "name":"ground",
                 "rotation":0,
                 "type":"small",
                 "visible":true,
                 "width":192,
                 "x":4864,
                 "y":3260
                }, 
                {
                 "height":64,
                 "id":34,
                 "name":"ground",
                 "rotation":0,
                 "type":"small",
                 "visible":true,
                 "width":254,
                 "x":4992,
                 "y":3132
                }, 
                {
                 "height":64,
                 "id":35,
                 "name":"ground",
                 "rotation":0,
                 "type":"small",
                 "visible":true,
                 "width":64,
                 "x":4992,
                 "y":3198
                }, 
                {
                 "height":184,
                 "id":36,
                 "name":"ground",
                 "rotation":0,
                 "type":"",
                 "visible":true,
                 "width":892,
                 "x":7428,
                 "y":3524
                }, 
                {
                 "height":184,
                 "id":37,
                 "name":"ground",
                 "rotation":0,
                 "type":"",
                 "visible":true,
                 "width":756,
                 "x":8520,
                 "y":3528
                }, 
                {
                 "height":184,
                 "id":38,
                 "name":"ground",
                 "rotation":0,
                 "type":"",
                 "visible":true,
                 "width":260,
                 "x":9472,
                 "y":3528
                }, 
                {
                 "height":184,
                 "id":39,
                 "name":"ground",
                 "rotation":0,
                 "type":"",
                 "visible":true,
                 "width":756,
                 "x":9926,
                 "y":3528
                }, 
                {
                 "height":1772,
                 "id":40,
                 "name":"ground",
                 "rotation":0,
                 "type":"",
                 "visible":true,
                 "width":128,
                 "x":10877,
                 "y":2768
                }, 
                {
                 "height":68,
                 "id":41,
                 "name":"ground",
                 "rotation":0,
                 "type":"",
                 "visible":true,
                 "width":696,
                 "x":9984,
                 "y":3712
                }, 
                {
                 "height":1776,
                 "id":42,
                 "name":"ground",
                 "rotation":0,
                 "type":"",
                 "visible":true,
                 "width":124,
                 "x":9856,
                 "y":3712
                }, 
                {
                 "height":120,
                 "id":43,
                 "name":"ground",
                 "rotation":0,
                 "type":"",
                 "visible":true,
                 "width":504,
                 "x":10246,
                 "y":4422
                }, 
                {
                 "height":60,
                 "id":44,
                 "name":"ground",
                 "rotation":0,
                 "type":"small",
                 "visible":true,
                 "width":636,
                 "x":10116,
                 "y":4360
                }, 
                {
                 "height":396,
                 "id":45,
                 "name":"ground",
                 "rotation":0,
                 "type":"",
                 "visible":true,
                 "width":124,
                 "x":10116,
                 "y":3964
                }, 
                {
                 "height":452,
                 "id":47,
                 "name":"ground",
                 "rotation":0,
                 "type":"small",
                 "visible":true,
                 "width":64,
                 "x":10244,
                 "y":4604
                }, 
                {
                 "height":176,
                 "id":48,
                 "name":"ground",
                 "rotation":0,
                 "type":"",
                 "visible":true,
                 "width":896,
                 "x":10240,
                 "y":5316
                }, 
                {
                 "height":64,
                 "id":49,
                 "name":"ground",
                 "rotation":0,
                 "type":"small",
                 "visible":true,
                 "width":2684,
                 "x":10244,
                 "y":4540
                }, 
                {
                 "height":64,
                 "id":50,
                 "name":"ground",
                 "rotation":0,
                 "type":"small",
                 "visible":true,
                 "width":836,
                 "x":10424,
                 "y":4740
                }, 
                {
                 "height":64,
                 "id":51,
                 "name":"ground",
                 "rotation":0,
                 "type":"small",
                 "visible":true,
                 "width":728,
                 "x":10314,
                 "y":4992
                }, 
                {
                 "height":64,
                 "id":52,
                 "name":"ground",
                 "rotation":0,
                 "type":"small",
                 "visible":true,
                 "width":888,
                 "x":10242,
                 "y":5248
                }, 
                {
                 "height":688,
                 "id":53,
                 "name":"ground",
                 "rotation":0,
                 "type":"",
                 "visible":true,
                 "width":128,
                 "x":11136,
                 "y":4808
                }, 
                {
                 "height":64,
                 "id":54,
                 "name":"ground",
                 "rotation":0,
                 "type":"small",
                 "visible":true,
                 "width":188,
                 "x":11331,
                 "y":4924
                }, 
                {
                 "height":760,
                 "id":55,
                 "name":"ground",
                 "rotation":0,
                 "type":"small",
                 "visible":true,
                 "width":64,
                 "x":11264,
                 "y":4740
                }, 
                {
                 "height":512,
                 "id":56,
                 "name":"ground",
                 "rotation":0,
                 "type":"",
                 "visible":true,
                 "width":128,
                 "x":11334,
                 "y":4992
                }, 
                {
                 "height":508,
                 "id":57,
                 "name":"ground",
                 "rotation":0,
                 "type":"small",
                 "visible":true,
                 "width":64,
                 "x":11456,
                 "y":4992
                }, 
                {
                 "height":504,
                 "id":58,
                 "name":"ground",
                 "rotation":0,
                 "type":"small",
                 "visible":true,
                 "width":64,
                 "x":11964,
                 "y":4998
                }, 
                {
                 "height":512,
                 "id":59,
                 "name":"ground",
                 "rotation":0,
                 "type":"",
                 "visible":true,
                 "width":128,
                 "x":11842,
                 "y":4994
                }, 
                {
                 "height":508,
                 "id":60,
                 "name":"ground",
                 "rotation":0,
                 "type":"small",
                 "visible":true,
                 "width":64,
                 "x":11776,
                 "y":4994
                }, 
                {
                 "height":64,
                 "id":61,
                 "name":"ground",
                 "rotation":0,
                 "type":"small",
                 "visible":true,
                 "width":248,
                 "x":11779,
                 "y":4926
                }, 
                {
                 "height":258,
                 "id":66,
                 "name":"ground",
                 "rotation":0,
                 "type":"small",
                 "visible":true,
                 "width":64,
                 "x":11712,
                 "y":5244
                }, 
                {
                 "height":264,
                 "id":67,
                 "name":"ground",
                 "rotation":0,
                 "type":"",
                 "visible":true,
                 "width":120,
                 "x":11590,
                 "y":5242
                }, 
                {
                 "height":260,
                 "id":68,
                 "name":"ground",
                 "rotation":0,
                 "type":"small",
                 "visible":true,
                 "width":64,
                 "x":11520,
                 "y":5242
                }, 
                {
                 "height":64,
                 "id":69,
                 "name":"ground",
                 "rotation":0,
                 "type":"small",
                 "visible":true,
                 "width":248,
                 "x":11527,
                 "y":5172
                }, 
                {
                 "height":72,
                 "id":70,
                 "name":"ground",
                 "rotation":0,
                 "type":"small",
                 "visible":true,
                 "width":128,
                 "x":12156,
                 "y":5120
                }, 
                {
                 "height":68,
                 "id":71,
                 "name":"ground",
                 "rotation":0,
                 "type":"small",
                 "visible":true,
                 "width":128,
                 "x":12416,
                 "y":4996
                }, 
                {
                 "height":116,
                 "id":72,
                 "name":"ground",
                 "rotation":0,
                 "type":"",
                 "visible":true,
                 "width":1344,
                 "x":12672,
                 "y":5380
                }, 
                {
                 "height":64,
                 "id":73,
                 "name":"ground",
                 "rotation":0,
                 "type":"small",
                 "visible":true,
                 "width":1274,
                 "x":12676,
                 "y":5312
                }, 
                {
                 "height":3460,
                 "id":74,
                 "name":"ground",
                 "rotation":0,
                 "type":"",
                 "visible":true,
                 "width":128,
                 "x":12924,
                 "y":1592
                }, 
                {
                 "height":446,
                 "id":75,
                 "name":"ground",
                 "rotation":0,
                 "type":"small",
                 "visible":true,
                 "width":64,
                 "x":12857,
                 "y":4606
                }, 
                {
                 "height":64,
                 "id":76,
                 "name":"ground",
                 "rotation":0,
                 "type":"small",
                 "visible":true,
                 "width":324,
                 "x":12856,
                 "y":5056
                }, 
                {
                 "height":64,
                 "id":79,
                 "name":"ground",
                 "rotation":0,
                 "type":"small",
                 "visible":true,
                 "width":256,
                 "x":13310,
                 "y":5056
                }, 
                {
                 "height":64,
                 "id":80,
                 "name":"ground",
                 "rotation":0,
                 "type":"small",
                 "visible":true,
                 "width":120,
                 "x":13690,
                 "y":5056
                }, 
                {
                 "height":2820,
                 "id":81,
                 "name":"ground",
                 "rotation":0,
                 "type":"small",
                 "visible":true,
                 "width":64,
                 "x":13951,
                 "y":2562
                }, 
                {
                 "height":64,
                 "id":82,
                 "name":"ground",
                 "rotation":0,
                 "type":"small",
                 "visible":true,
                 "width":256,
                 "x":13183,
                 "y":4740
                }, 
                {
                 "height":64,
                 "id":84,
                 "name":"ground",
                 "rotation":0,
                 "type":"small",
                 "visible":true,
                 "width":256,
                 "x":13688,
                 "y":4740
                }, 
                {
                 "height":64,
                 "id":85,
                 "name":"ground",
                 "rotation":0,
                 "type":"",
                 "visible":true,
                 "width":128,
                 "x":13744,
                 "y":4288
                }, 
                {
                 "height":64,
                 "id":86,
                 "name":"ground",
                 "rotation":0,
                 "type":"",
                 "visible":true,
                 "width":128,
                 "x":13428,
                 "y":4312
                }, 
                {
                 "height":64,
                 "id":87,
                 "name":"ground",
                 "rotation":0,
                 "type":"",
                 "visible":true,
                 "width":128,
                 "x":13184,
                 "y":4152
                }, 
                {
                 "height":64,
                 "id":88,
                 "name":"ground",
                 "rotation":0,
                 "type":"small",
                 "visible":true,
                 "width":812,
                 "x":13134,
                 "y":3648
                }, 
                {
                 "height":64,
                 "id":89,
                 "name":"ground",
                 "rotation":0,
                 "type":"small",
                 "visible":true,
                 "width":812,
                 "x":13134,
                 "y":3580
                }, 
                {
                 "height":64,
                 "id":90,
                 "name":"ground",
                 "rotation":0,
                 "type":"small",
                 "visible":true,
                 "width":820,
                 "x":13056,
                 "y":3080
                }, 
                {
                 "height":64,
                 "id":91,
                 "name":"ground",
                 "rotation":0,
                 "type":"small",
                 "visible":true,
                 "width":810,
                 "x":13134,
                 "y":2560
                }, 
                {
                 "height":64,
                 "id":92,
                 "name":"ground",
                 "rotation":0,
                 "type":"small",
                 "visible":true,
                 "width":1836,
                 "x":13132,
                 "y":2496
                }, 
                {
                 "height":440,
                 "id":93,
                 "name":"ground",
                 "rotation":0,
                 "type":"small",
                 "visible":true,
                 "width":64,
                 "x":13132,
                 "y":2046
                }, 
                {
                 "height":64,
                 "id":94,
                 "name":"ground",
                 "rotation":0,
                 "type":"small",
                 "visible":true,
                 "width":1528,
                 "x":13056,
                 "y":1590
                }, 
                {
                 "height":572,
                 "id":96,
                 "name":"ground",
                 "rotation":0,
                 "type":"small",
                 "visible":true,
                 "width":64,
                 "x":13316,
                 "y":1660
                }, 
                {
                 "height":64,
                 "id":97,
                 "name":"ground",
                 "rotation":0,
                 "type":"small",
                 "visible":true,
                 "width":1324,
                 "x":13316,
                 "y":2240
                }, 
                {
                 "height":180,
                 "id":98,
                 "name":"ground",
                 "rotation":0,
                 "type":"small",
                 "visible":true,
                 "width":64,
                 "x":14656,
                 "y":1668
                }, 
                {
                 "height":1664,
                 "id":99,
                 "name":"ground",
                 "rotation":0,
                 "type":"small",
                 "visible":true,
                 "width":64,
                 "x":14976,
                 "y":900
                }, 
                {
                 "height":104,
                 "id":100,
                 "name":"ground",
                 "rotation":0,
                 "type":"",
                 "visible":true,
                 "width":164,
                 "x":14808,
                 "y":2388
                }, 
                {
                 "height":132,
                 "id":101,
                 "name":"ground",
                 "rotation":0,
                 "type":"small",
                 "visible":true,
                 "width":64,
                 "x":14392,
                 "y":2108
                }, 
                {
                 "height":64,
                 "id":102,
                 "name":"ground",
                 "rotation":0,
                 "type":"small",
                 "visible":true,
                 "width":128,
                 "x":14330,
                 "y":2044
                }, 
                {
                 "height":64,
                 "id":103,
                 "name":"ground",
                 "rotation":0,
                 "type":"small",
                 "visible":true,
                 "width":1144,
                 "x":13570,
                 "y":1852
                }, 
                {
                 "height":64,
                 "id":104,
                 "name":"ground",
                 "rotation":0,
                 "type":"small",
                 "visible":true,
                 "width":312,
                 "x":14662,
                 "y":1600
                }, 
                {
                 "height":1584,
                 "id":105,
                 "name":"ground",
                 "rotation":0,
                 "type":"small",
                 "visible":true,
                 "width":64,
                 "x":14012,
                 "y":2
                }, 
                {
                 "height":64,
                 "id":106,
                 "name":"ground",
                 "rotation":0,
                 "type":"small",
                 "visible":true,
                 "width":504,
                 "x":14082,
                 "y":1456
                }, 
                {
                 "height":64,
                 "id":107,
                 "name":"ground",
                 "rotation":0,
                 "type":"small",
                 "visible":true,
                 "width":504,
                 "x":14082,
                 "y":1528
                }, 
                {
                 "height":64,
                 "id":108,
                 "name":"ground",
                 "rotation":0,
                 "type":"small",
                 "visible":true,
                 "width":308,
                 "x":14662,
                 "y":1462
                }, 
                {
                 "height":64,
                 "id":109,
                 "name":"ground",
                 "rotation":0,
                 "type":"small",
                 "visible":true,
                 "width":312,
                 "x":14659,
                 "y":1531
                }, 
                {
                 "height":64,
                 "id":110,
                 "name":"ground",
                 "rotation":0,
                 "type":"small",
                 "visible":true,
                 "width":128,
                 "x":14464,
                 "y":1088
                }, 
                {
                 "height":64,
                 "id":111,
                 "name":"ground",
                 "rotation":0,
                 "type":"small",
                 "visible":true,
                 "width":2104,
                 "x":14532,
                 "y":831
                }, 
                {
                 "height":64,
                 "id":114,
                 "name":"ground",
                 "rotation":0,
                 "type":"small",
                 "visible":true,
                 "width":372,
                 "x":14083,
                 "y":836
                }, 
                {
                 "height":64,
                 "id":115,
                 "name":"ground",
                 "rotation":0,
                 "type":"small",
                 "visible":true,
                 "width":2556,
                 "x":14082,
                 "y":4
                }, 
                {
                 "height":64,
                 "id":116,
                 "name":"ground",
                 "rotation":0,
                 "type":"small",
                 "visible":true,
                 "width":568,
                 "x":14082,
                 "y":316
                }, 
                {
                 "height":64,
                 "id":117,
                 "name":"ground",
                 "rotation":0,
                 "type":"small",
                 "visible":true,
                 "width":1024,
                 "x":15490,
                 "y":316
                }, 
                {
                 "height":64,
                 "id":118,
                 "name":"ground",
                 "rotation":0,
                 "type":"small",
                 "visible":true,
                 "width":128,
                 "x":14788,
                 "y":628
                }, 
                {
                 "height":64,
                 "id":119,
                 "name":"ground",
                 "rotation":0,
                 "type":"small",
                 "visible":true,
                 "width":128,
                 "x":15144,
                 "y":508
                }, 
                {
                 "height":444,
                 "id":120,
                 "name":"ground",
                 "rotation":0,
                 "type":"",
                 "visible":true,
                 "width":256,
                 "x":16000,
                 "y":388
                }, 
                {
                 "height":192,
                 "id":121,
                 "name":"ground",
                 "rotation":0,
                 "type":"",
                 "visible":true,
                 "width":252,
                 "x":16260,
                 "y":392
                }, 
                {
                 "height":64,
                 "id":122,
                 "name":"ground",
                 "rotation":0,
                 "type":"small",
                 "visible":true,
                 "width":2296,
                 "x":17148,
                 "y":3388
                }, 
                {
                 "height":64,
                 "id":123,
                 "name":"ground",
                 "rotation":0,
                 "type":"small",
                 "visible":true,
                 "width":224,
                 "x":16784,
                 "y":568
                }, 
                {
                 "height":3384,
                 "id":124,
                 "name":"ground",
                 "rotation":0,
                 "type":"small",
                 "visible":true,
                 "width":64,
                 "x":19380,
                 "y":-4
                }, 
                {
                 "height":64,
                 "id":125,
                 "name":"ground",
                 "rotation":0,
                 "type":"small",
                 "visible":true,
                 "width":2296,
                 "x":17080,
                 "y":0
                }, 
                {
                 "height":64,
                 "id":126,
                 "name":"ground",
                 "rotation":0,
                 "type":"small",
                 "visible":true,
                 "width":224,
                 "x":17224,
                 "y":448
                }, 
                {
                 "height":64,
                 "id":127,
                 "name":"ground",
                 "rotation":0,
                 "type":"small",
                 "visible":true,
                 "width":124,
                 "x":17720,
                 "y":388
                }, 
                {
                 "height":64,
                 "id":128,
                 "name":"ground",
                 "rotation":0,
                 "type":"small",
                 "visible":true,
                 "width":1024,
                 "x":18172,
                 "y":576
                }, 
                {
                 "height":1716,
                 "id":129,
                 "name":"ground",
                 "rotation":0,
                 "type":"small",
                 "visible":true,
                 "width":64,
                 "x":17152,
                 "y":1666
                }, 
                {
                 "height":64,
                 "id":130,
                 "name":"ground",
                 "rotation":0,
                 "type":"small",
                 "visible":true,
                 "width":2040,
                 "x":17156,
                 "y":1592
                }, 
                {
                 "height":952,
                 "id":131,
                 "name":"ground",
                 "rotation":0,
                 "type":"small",
                 "visible":true,
                 "width":64,
                 "x":19132,
                 "y":642
                }, 
                {
                 "height":74,
                 "id":134,
                 "name":"ground",
                 "rotation":0,
                 "type":"",
                 "visible":true,
                 "width":126,
                 "x":5040,
                 "y":4274
                }, 
                {
                 "height":74,
                 "id":135,
                 "name":"ground",
                 "rotation":0,
                 "type":"",
                 "visible":true,
                 "width":130,
                 "x":4780,
                 "y":4118
                }],
         "offsetx":0,
         "offsety":4,
         "opacity":1,
         "type":"objectgroup",
         "visible":true,
         "width":0,
         "x":0,
         "y":0
        }, 
        {
         "draworder":"topdown",
         "height":0,
         "name":"GamePoint",
         "objects":[
                {
                 "height":128,
                 "id":132,
                 "name":"deadpoint",
                 "rotation":0,
                 "type":"",
                 "visible":true,
                 "width":192,
                 "x":2176,
                 "y":5376
                }, 
                {
                 "height":126,
                 "id":133,
                 "name":"deadpoint",
                 "rotation":0,
                 "type":"",
                 "visible":true,
                 "width":640,
                 "x":3582,
                 "y":5378
                }, 
                {
                 "height":128,
                 "id":139,
                 "name":"deadpoint",
                 "rotation":0,
                 "type":"",
                 "visible":true,
                 "width":192,
                 "x":5760,
                 "y":3584
                }, 
                {
                 "height":128,
                 "id":140,
                 "name":"deadpoint",
                 "rotation":0,
                 "type":"",
                 "visible":true,
                 "width":194,
                 "x":7230,
                 "y":3584
                }, 
                {
                 "height":128,
                 "id":141,
                 "name":"deadpoint",
                 "rotation":0,
                 "type":"",
                 "visible":true,
                 "width":194,
                 "x":8324,
                 "y":3584
                }, 
                {
                 "height":132,
                 "id":142,
                 "name":"deadpoint",
                 "rotation":0,
                 "type":"",
                 "visible":true,
                 "width":194,
                 "x":9278,
                 "y":3582
                }, 
                {
                 "height":130,
                 "id":143,
                 "name":"deadpoint",
                 "rotation":0,
                 "type":"",
                 "visible":true,
                 "width":192,
                 "x":9732,
                 "y":3586
                }, 
                {
                 "height":124,
                 "id":144,
                 "name":"deadpoint",
                 "rotation":0,
                 "type":"",
                 "visible":true,
                 "width":256,
                 "x":9982,
                 "y":5374
                }, 
                {
                 "height":126,
                 "id":145,
                 "name":"deadpoint",
                 "rotation":0,
                 "type":"",
                 "visible":true,
                 "width":640,
                 "x":12030,
                 "y":5376
                }, 
                {
                 "height":46,
                 "id":146,
                 "name":"deadpoint",
                 "rotation":0,
                 "type":"",
                 "visible":true,
                 "width":2492,
                 "x":16638,
                 "y":852
                }],
         "opacity":1,
         "type":"objectgroup",
         "visible":true,
         "width":0,
         "x":0,
         "y":0
        }, 
        {
         "draworder":"topdown",
         "height":0,
         "name":"Player",
         "objects":[
                {
                 "height":128,
                 "id":147,
                 "name":"",
                 "rotation":0,
                 "type":"",
                 "visible":true,
                 "width":64,
                 "x":224,
                 "y":4556
                }],
         "opacity":1,
         "type":"objectgroup",
         "visible":true,
         "width":0,
         "x":0,
         "y":0
        }, 
        {
         "draworder":"topdown",
         "height":43,
         "name":"Ladder",
         "objects":[
                {
                 "height":128,
                 "id":148,
                 "name":"",
                 "rotation":0,
                 "type":"",
                 "visible":true,
                 "width":64,
                 "x":1984,
                 "y":5120
                }, 
                {
                 "height":512,
                 "id":150,
                 "name":"",
                 "rotation":0,
                 "type":"",
                 "visible":true,
                 "width":64,
                 "x":5184,
                 "y":4480
                }, 
                {
                 "height":512,
                 "id":151,
                 "name":"",
                 "rotation":0,
                 "type":"",
                 "visible":true,
                 "width":64,
                 "x":4610,
                 "y":3586
                }, 
                {
                 "height":162,
                 "id":152,
                 "name":"",
                 "rotation":0,
                 "type":"",
                 "visible":true,
                 "width":64,
                 "x":4800,
                 "y":3264
                }, 
                {
                 "height":390,
                 "id":153,
                 "name":"",
                 "rotation":0,
                 "type":"",
                 "visible":true,
                 "width":64,
                 "x":10246,
                 "y":3968
                }, 
                {
                 "height":160,
                 "id":154,
                 "name":"",
                 "rotation":0,
                 "type":"",
                 "visible":true,
                 "width":64,
                 "x":13118,
                 "y":4744
                }, 
                {
                 "height":256,
                 "id":155,
                 "name":"",
                 "rotation":0,
                 "type":"",
                 "visible":true,
                 "width":64,
                 "x":13876,
                 "y":4292
                }, 
                {
                 "height":384,
                 "id":156,
                 "name":"",
                 "rotation":0,
                 "type":"",
                 "visible":true,
                 "width":64,
                 "x":13068,
                 "y":3584
                }, 
                {
                 "height":310,
                 "id":157,
                 "name":"",
                 "rotation":0,
                 "type":"",
                 "visible":true,
                 "width":64,
                 "x":13880,
                 "y":3082
                }, 
                {
                 "height":826,
                 "id":158,
                 "name":"",
                 "rotation":0,
                 "type":"",
                 "visible":true,
                 "width":64,
                 "x":13062,
                 "y":2050
                }, 
                {
                 "height":196,
                 "id":159,
                 "name":"",
                 "rotation":0,
                 "type":"",
                 "visible":true,
                 "width":64,
                 "x":13504,
                 "y":1854
                }, 
                {
                 "height":260,
                 "id":160,
                 "name":"",
                 "rotation":0,
                 "type":"",
                 "visible":true,
                 "width":64,
                 "x":14592,
                 "y":1462
                }, 
                {
                 "height":146,
                 "id":161,
                 "name":"",
                 "rotation":0,
                 "type":"",
                 "visible":true,
                 "width":64,
                 "x":14398,
                 "y":1092
                }, 
                {
                 "height":124,
                 "id":162,
                 "name":"",
                 "rotation":0,
                 "type":"",
                 "visible":true,
                 "width":64,
                 "x":14464,
                 "y":836
                }, 
                {
                 "height":158,
                 "id":163,
                 "name":"",
                 "rotation":0,
                 "type":"",
                 "visible":true,
                 "width":64,
                 "x":14654,
                 "y":318
                }],
         "opacity":1,
         "type":"objectgroup",
         "visible":true,
         "width":152,
         "x":0,
         "y":0
        }],
 "nextobjectid":164,
 "orientation":"orthogonal",
 "renderorder":"left-up",
 "tileheight":128,
 "tilesets":[
        {
         "columns":153,
         "firstgid":1,
         "image":"C:\/Users\/THC\/Desktop\/map.png",
         "imageheight":1376,
         "imagewidth":4896,
         "margin":0,
         "name":"map",
         "spacing":0,
         "tilecount":6579,
         "tileheight":32,
         "tilewidth":32
        }],
 "tilewidth":128,
 "version":1,
 "width":152
}